conversation_id,true_label,predicted_label
conv_05237,charm_flattery,neutral
conv_09768,guilt_tripping,neutral
conv_01359,gaslighting,neutral
conv_07486,neutral,neutral
conv_01468,love_bombing,neutral
conv_09627,charm_flattery,neutral
conv_00786,charm_flattery,neutral
conv_00429,love_bombing,neutral
conv_08835,neutral,neutral
conv_04266,love_bombing,neutral
conv_00511,neutral,neutral
conv_07184,charm_flattery,neutral
conv_08030,charm_flattery,neutral
conv_01683,charm_flattery,neutral
conv_03906,charm_flattery,neutral
conv_09802,gaslighting,neutral
conv_06241,passive_aggressive,neutral
conv_06901,charm_flattery,neutral
conv_03831,charm_flattery,neutral
conv_05474,charm_flattery,neutral
conv_02684,gaslighting,neutral
conv_09256,guilt_tripping,neutral
conv_08078,gaslighting,neutral
conv_08153,guilt_tripping,neutral
conv_03851,gaslighting,neutral
conv_02776,gaslighting,neutral
conv_08239,love_bombing,neutral
conv_01870,love_bombing,neutral
conv_09068,gaslighting,neutral
conv_04987,direct_coercion,neutral
conv_02409,passive_aggressive,neutral
conv_07754,guilt_tripping,neutral
conv_08265,neutral,neutral
conv_07734,passive_aggressive,neutral
conv_03585,love_bombing,neutral
conv_04992,love_bombing,neutral
conv_02506,passive_aggressive,neutral
conv_03006,gaslighting,neutral
conv_06723,charm_flattery,neutral
conv_05318,charm_flattery,neutral
conv_02371,guilt_tripping,neutral
conv_01574,passive_aggressive,neutral
conv_00959,gaslighting,neutral
conv_07587,neutral,neutral
conv_08380,guilt_tripping,neutral
conv_01386,love_bombing,neutral
conv_06458,direct_coercion,neutral
conv_08855,charm_flattery,neutral
conv_00916,love_bombing,neutral
conv_01405,direct_coercion,neutral
conv_03295,charm_flattery,neutral
conv_09927,neutral,neutral
conv_08015,neutral,neutral
conv_03638,direct_coercion,neutral
conv_06903,guilt_tripping,neutral
conv_00430,gaslighting,neutral
conv_02643,gaslighting,neutral
conv_07636,passive_aggressive,neutral
conv_01266,love_bombing,neutral
conv_05190,gaslighting,neutral
conv_07239,charm_flattery,neutral
conv_03916,direct_coercion,neutral
conv_00595,gaslighting,neutral
conv_05628,love_bombing,neutral
conv_05842,guilt_tripping,neutral
conv_08946,direct_coercion,neutral
conv_03992,gaslighting,neutral
conv_04721,direct_coercion,neutral
conv_09232,gaslighting,neutral
conv_03522,gaslighting,neutral
conv_05909,neutral,neutral
conv_00009,neutral,neutral
conv_08583,neutral,neutral
conv_07657,love_bombing,neutral
conv_07067,charm_flattery,neutral
conv_01371,love_bombing,neutral
conv_02544,direct_coercion,neutral
conv_09027,direct_coercion,neutral
conv_02225,charm_flattery,neutral
conv_06913,neutral,neutral
conv_00791,passive_aggressive,neutral
conv_03483,gaslighting,neutral
conv_06883,love_bombing,neutral
conv_08214,passive_aggressive,neutral
conv_03327,direct_coercion,neutral
conv_01204,guilt_tripping,neutral
conv_09426,charm_flattery,neutral
conv_04271,gaslighting,neutral
conv_07712,direct_coercion,neutral
conv_03789,charm_flattery,neutral
conv_05392,passive_aggressive,neutral
conv_01983,love_bombing,neutral
conv_09101,passive_aggressive,neutral
conv_08022,direct_coercion,neutral
conv_06589,charm_flattery,neutral
conv_00413,charm_flattery,neutral
conv_00228,direct_coercion,neutral
conv_00470,direct_coercion,neutral
conv_09108,direct_coercion,neutral
conv_07062,love_bombing,neutral
conv_07512,love_bombing,neutral
conv_03441,passive_aggressive,neutral
conv_08490,neutral,neutral
conv_03695,passive_aggressive,neutral
conv_05138,charm_flattery,neutral
conv_03564,direct_coercion,neutral
conv_08085,charm_flattery,neutral
conv_02368,guilt_tripping,neutral
conv_06289,neutral,neutral
conv_03883,gaslighting,neutral
conv_09964,love_bombing,neutral
conv_09267,passive_aggressive,neutral
conv_06219,gaslighting,neutral
conv_09343,gaslighting,neutral
conv_07959,direct_coercion,neutral
conv_04818,neutral,neutral
conv_07116,neutral,neutral
conv_09722,gaslighting,neutral
conv_08881,direct_coercion,neutral
conv_08364,love_bombing,neutral
conv_01775,neutral,neutral
conv_00408,guilt_tripping,neutral
conv_09805,guilt_tripping,neutral
conv_04782,guilt_tripping,neutral
conv_06740,neutral,neutral
conv_03928,gaslighting,neutral
conv_01704,charm_flattery,neutral
conv_04162,neutral,neutral
conv_07856,neutral,neutral
conv_02906,love_bombing,neutral
conv_03144,gaslighting,neutral
conv_08528,charm_flattery,neutral
conv_01193,charm_flattery,neutral
conv_06936,direct_coercion,neutral
conv_08949,passive_aggressive,neutral
conv_08637,direct_coercion,neutral
conv_00353,direct_coercion,neutral
conv_02320,direct_coercion,neutral
conv_05597,guilt_tripping,neutral
conv_04192,direct_coercion,neutral
conv_00772,love_bombing,neutral
conv_01172,passive_aggressive,neutral
conv_03206,charm_flattery,neutral
conv_06628,gaslighting,neutral
conv_03352,neutral,neutral
conv_02062,love_bombing,neutral
conv_05153,direct_coercion,neutral
conv_07740,charm_flattery,neutral
conv_09262,guilt_tripping,neutral
conv_00065,passive_aggressive,neutral
conv_02830,direct_coercion,neutral
conv_07490,gaslighting,neutral
conv_09301,neutral,neutral
conv_01953,gaslighting,neutral
conv_08608,guilt_tripping,neutral
conv_02384,neutral,neutral
conv_09558,guilt_tripping,neutral
conv_09680,guilt_tripping,neutral
conv_09487,guilt_tripping,neutral
conv_04029,direct_coercion,neutral
conv_04998,gaslighting,neutral
conv_00117,guilt_tripping,neutral
conv_06834,charm_flattery,neutral
conv_03888,love_bombing,neutral
conv_02340,guilt_tripping,neutral
conv_04593,neutral,neutral
conv_07340,charm_flattery,neutral
conv_04888,love_bombing,neutral
conv_09098,love_bombing,neutral
conv_02992,passive_aggressive,neutral
conv_06379,neutral,neutral
conv_06871,charm_flattery,neutral
conv_00381,direct_coercion,neutral
conv_04317,gaslighting,neutral
conv_06052,direct_coercion,neutral
conv_06919,guilt_tripping,neutral
conv_07384,guilt_tripping,neutral
conv_06576,love_bombing,neutral
conv_01555,neutral,neutral
conv_00271,love_bombing,neutral
conv_02431,charm_flattery,neutral
conv_00537,gaslighting,neutral
conv_07903,neutral,neutral
conv_01750,direct_coercion,neutral
conv_03270,charm_flattery,neutral
conv_02967,neutral,neutral
conv_04166,gaslighting,neutral
conv_02396,passive_aggressive,neutral
conv_08694,charm_flattery,neutral
conv_09561,charm_flattery,neutral
conv_09845,gaslighting,neutral
conv_05249,direct_coercion,neutral
conv_01901,charm_flattery,neutral
conv_07594,neutral,neutral
conv_08425,gaslighting,neutral
conv_08532,charm_flattery,neutral
conv_07295,guilt_tripping,neutral
conv_01708,gaslighting,neutral
conv_04627,direct_coercion,neutral
conv_08736,guilt_tripping,neutral
conv_03146,guilt_tripping,neutral
conv_03690,guilt_tripping,neutral
conv_09087,love_bombing,neutral
conv_07307,direct_coercion,neutral
conv_04449,passive_aggressive,neutral
conv_06459,guilt_tripping,neutral
conv_05983,gaslighting,neutral
conv_07809,direct_coercion,neutral
conv_07608,love_bombing,neutral
conv_01847,guilt_tripping,neutral
conv_06882,guilt_tripping,neutral
conv_07513,neutral,neutral
conv_01793,neutral,neutral
conv_09930,passive_aggressive,neutral
conv_06428,charm_flattery,neutral
conv_07188,direct_coercion,neutral
conv_03274,love_bombing,neutral
conv_06253,love_bombing,neutral
conv_02050,neutral,neutral
conv_09060,passive_aggressive,neutral
conv_08238,passive_aggressive,neutral
conv_03609,direct_coercion,neutral
conv_01491,gaslighting,neutral
conv_03411,gaslighting,neutral
conv_08762,charm_flattery,neutral
conv_02424,charm_flattery,neutral
conv_00061,gaslighting,neutral
conv_07668,neutral,neutral
conv_02672,direct_coercion,neutral
conv_08122,charm_flattery,neutral
conv_07142,charm_flattery,neutral
conv_09511,passive_aggressive,neutral
conv_04305,guilt_tripping,neutral
conv_03625,love_bombing,neutral
conv_00910,direct_coercion,neutral
conv_03080,gaslighting,neutral
conv_05216,guilt_tripping,neutral
conv_05621,direct_coercion,neutral
conv_04413,neutral,neutral
conv_09086,direct_coercion,neutral
conv_02624,charm_flattery,neutral
conv_09787,direct_coercion,neutral
conv_05554,guilt_tripping,neutral
conv_03192,guilt_tripping,neutral
conv_09239,gaslighting,neutral
conv_02883,charm_flattery,neutral
conv_00226,gaslighting,neutral
conv_09278,charm_flattery,neutral
conv_01495,passive_aggressive,neutral
conv_05906,guilt_tripping,neutral
conv_06065,passive_aggressive,neutral
conv_03481,direct_coercion,neutral
conv_05272,charm_flattery,neutral
conv_06405,gaslighting,neutral
conv_02870,neutral,neutral
conv_08123,love_bombing,neutral
conv_00396,love_bombing,neutral
conv_02968,guilt_tripping,neutral
conv_07198,passive_aggressive,neutral
conv_09075,direct_coercion,neutral
conv_05936,guilt_tripping,neutral
conv_06813,neutral,neutral
conv_09374,love_bombing,neutral
conv_05651,charm_flattery,neutral
conv_08792,gaslighting,neutral
conv_08419,passive_aggressive,neutral
conv_01262,passive_aggressive,neutral
conv_05002,charm_flattery,neutral
conv_04970,neutral,neutral
conv_09264,guilt_tripping,neutral
conv_04117,direct_coercion,neutral
conv_02586,direct_coercion,neutral
conv_09236,direct_coercion,neutral
conv_03379,direct_coercion,neutral
conv_04473,direct_coercion,neutral
conv_01178,guilt_tripping,neutral
conv_04054,love_bombing,neutral
conv_07429,neutral,neutral
conv_02156,neutral,neutral
conv_00075,guilt_tripping,neutral
conv_07197,neutral,neutral
conv_06041,neutral,neutral
conv_06526,neutral,neutral
conv_07544,passive_aggressive,neutral
conv_04092,guilt_tripping,neutral
conv_06817,passive_aggressive,neutral
conv_03477,neutral,neutral
conv_08815,neutral,neutral
conv_09255,passive_aggressive,neutral
conv_04234,gaslighting,neutral
conv_00316,gaslighting,neutral
conv_01717,passive_aggressive,neutral
conv_02801,gaslighting,neutral
conv_03414,love_bombing,neutral
conv_02218,neutral,neutral
conv_01711,direct_coercion,neutral
conv_08181,gaslighting,neutral
conv_02927,guilt_tripping,neutral
conv_02853,love_bombing,neutral
conv_02527,passive_aggressive,neutral
conv_07868,direct_coercion,neutral
conv_02399,love_bombing,neutral
conv_06854,love_bombing,neutral
conv_01835,neutral,neutral
conv_07575,gaslighting,neutral
conv_08591,neutral,neutral
conv_03846,passive_aggressive,neutral
conv_03205,charm_flattery,neutral
conv_09733,direct_coercion,neutral
conv_01667,love_bombing,neutral
conv_02455,neutral,neutral
conv_06047,passive_aggressive,neutral
conv_00349,passive_aggressive,neutral
conv_08981,guilt_tripping,neutral
conv_04111,neutral,neutral
conv_08836,neutral,neutral
conv_00744,love_bombing,neutral
conv_00539,passive_aggressive,neutral
conv_02345,passive_aggressive,neutral
conv_07580,gaslighting,neutral
conv_08536,charm_flattery,neutral
conv_07153,love_bombing,neutral
conv_09285,guilt_tripping,neutral
conv_04241,guilt_tripping,neutral
conv_04623,guilt_tripping,neutral
conv_07134,love_bombing,neutral
conv_03110,passive_aggressive,neutral
conv_07576,neutral,neutral
conv_05433,gaslighting,neutral
conv_04788,direct_coercion,neutral
conv_02704,gaslighting,neutral
conv_01844,neutral,neutral
conv_04870,passive_aggressive,neutral
conv_08678,guilt_tripping,neutral
conv_01125,neutral,neutral
conv_00021,direct_coercion,neutral
conv_04989,charm_flattery,neutral
conv_02605,gaslighting,neutral
conv_00973,love_bombing,neutral
conv_03439,neutral,neutral
conv_09915,passive_aggressive,neutral
conv_07918,love_bombing,neutral
conv_05914,passive_aggressive,neutral
conv_09037,love_bombing,neutral
conv_05692,neutral,neutral
conv_00013,charm_flattery,neutral
conv_03446,charm_flattery,neutral
conv_00981,passive_aggressive,neutral
conv_09807,guilt_tripping,neutral
conv_09827,passive_aggressive,neutral
conv_01170,gaslighting,neutral
conv_09528,gaslighting,neutral
conv_06606,direct_coercion,neutral
conv_06848,passive_aggressive,neutral
conv_03350,passive_aggressive,neutral
conv_02129,gaslighting,neutral
conv_05729,neutral,neutral
conv_04121,neutral,neutral
conv_01947,love_bombing,neutral
conv_08263,love_bombing,neutral
conv_04159,direct_coercion,neutral
conv_06690,guilt_tripping,neutral
conv_01539,guilt_tripping,neutral
conv_09462,neutral,neutral
conv_01685,neutral,neutral
conv_02955,love_bombing,neutral
conv_03802,direct_coercion,neutral
conv_09619,charm_flattery,neutral
conv_01573,charm_flattery,neutral
conv_00823,guilt_tripping,neutral
conv_00366,guilt_tripping,neutral
conv_01878,love_bombing,neutral
conv_06533,neutral,neutral
conv_09194,gaslighting,neutral
conv_04006,gaslighting,neutral
conv_06344,charm_flattery,neutral
conv_02501,neutral,neutral
conv_05256,charm_flattery,neutral
conv_06328,charm_flattery,neutral
conv_06768,passive_aggressive,neutral
conv_08931,love_bombing,neutral
conv_06258,charm_flattery,neutral
conv_00122,direct_coercion,neutral
conv_04009,neutral,neutral
conv_02583,gaslighting,neutral
conv_05009,neutral,neutral
conv_01963,neutral,neutral
conv_08527,passive_aggressive,neutral
conv_08501,direct_coercion,neutral
conv_07711,gaslighting,neutral
conv_06378,gaslighting,neutral
conv_08799,gaslighting,neutral
conv_04565,gaslighting,neutral
conv_07843,love_bombing,neutral
conv_05484,guilt_tripping,neutral
conv_03774,charm_flattery,neutral
conv_08606,direct_coercion,neutral
conv_04221,guilt_tripping,neutral
conv_01670,charm_flattery,neutral
conv_08398,gaslighting,neutral
conv_03741,gaslighting,neutral
conv_04519,gaslighting,neutral
conv_09363,neutral,neutral
conv_07725,gaslighting,neutral
conv_00793,passive_aggressive,neutral
conv_05985,gaslighting,neutral
conv_00200,direct_coercion,neutral
conv_07866,guilt_tripping,neutral
conv_08489,charm_flattery,neutral
conv_09727,neutral,neutral
conv_07986,charm_flattery,neutral
conv_01055,guilt_tripping,neutral
conv_05857,neutral,neutral
conv_07078,love_bombing,neutral
conv_00274,neutral,neutral
conv_03093,gaslighting,neutral
conv_03207,charm_flattery,neutral
conv_00796,love_bombing,neutral
conv_06845,neutral,neutral
conv_07626,love_bombing,neutral
conv_04520,love_bombing,neutral
conv_00763,love_bombing,neutral
conv_07639,passive_aggressive,neutral
conv_09023,love_bombing,neutral
conv_00906,gaslighting,neutral
conv_06237,neutral,neutral
conv_02015,guilt_tripping,neutral
conv_04410,guilt_tripping,neutral
conv_07876,love_bombing,neutral
conv_01328,charm_flattery,neutral
conv_06417,love_bombing,neutral
conv_02861,gaslighting,neutral
conv_07390,charm_flattery,neutral
conv_09396,passive_aggressive,neutral
conv_08323,neutral,neutral
conv_04071,charm_flattery,neutral
conv_03040,direct_coercion,neutral
conv_01418,passive_aggressive,neutral
conv_07938,love_bombing,neutral
conv_03887,charm_flattery,neutral
conv_09077,direct_coercion,neutral
conv_08566,guilt_tripping,neutral
conv_05922,guilt_tripping,neutral
conv_08513,passive_aggressive,neutral
conv_03405,gaslighting,neutral
conv_05156,love_bombing,neutral
conv_02551,direct_coercion,neutral
conv_00843,gaslighting,neutral
conv_08720,gaslighting,neutral
conv_04275,neutral,neutral
conv_06660,charm_flattery,neutral
conv_07482,passive_aggressive,neutral
conv_00961,neutral,neutral
conv_04276,neutral,neutral
conv_09096,guilt_tripping,neutral
conv_06503,neutral,neutral
conv_02065,neutral,neutral
conv_01085,direct_coercion,neutral
conv_01666,neutral,neutral
conv_00110,gaslighting,neutral
conv_03458,neutral,neutral
conv_08422,gaslighting,neutral
conv_06233,direct_coercion,neutral
conv_03758,direct_coercion,neutral
conv_05648,direct_coercion,neutral
conv_01828,gaslighting,neutral
conv_05263,gaslighting,neutral
conv_09928,guilt_tripping,neutral
conv_03517,direct_coercion,neutral
conv_07667,gaslighting,neutral
conv_00497,passive_aggressive,neutral
conv_09144,direct_coercion,neutral
conv_05271,charm_flattery,neutral
conv_03195,neutral,neutral
conv_07454,gaslighting,neutral
conv_07278,gaslighting,neutral
conv_08105,guilt_tripping,neutral
conv_01843,neutral,neutral
conv_03852,love_bombing,neutral
conv_05861,neutral,neutral
conv_06835,gaslighting,neutral
conv_09035,gaslighting,neutral
conv_04619,gaslighting,neutral
conv_04068,direct_coercion,neutral
conv_02868,neutral,neutral
conv_02380,direct_coercion,neutral
conv_00000,guilt_tripping,neutral
conv_00571,passive_aggressive,neutral
conv_01656,charm_flattery,neutral
conv_05996,guilt_tripping,neutral
conv_01049,neutral,neutral
conv_08552,gaslighting,neutral
conv_09204,guilt_tripping,neutral
conv_09272,passive_aggressive,neutral
conv_00048,guilt_tripping,neutral
conv_04974,charm_flattery,neutral
conv_01079,direct_coercion,neutral
conv_00127,gaslighting,neutral
conv_09876,neutral,neutral
conv_03857,direct_coercion,neutral
conv_05602,gaslighting,neutral
conv_02986,passive_aggressive,neutral
conv_07318,passive_aggressive,neutral
conv_01358,guilt_tripping,neutral
conv_07772,love_bombing,neutral
conv_08137,passive_aggressive,neutral
conv_02035,direct_coercion,neutral
conv_08752,love_bombing,neutral
conv_01160,neutral,neutral
conv_06612,neutral,neutral
conv_01645,love_bombing,neutral
conv_05334,passive_aggressive,neutral
conv_07693,neutral,neutral
conv_03696,gaslighting,neutral
conv_08567,direct_coercion,neutral
conv_06557,neutral,neutral
conv_06281,gaslighting,neutral
conv_01781,gaslighting,neutral
conv_04755,gaslighting,neutral
conv_04499,guilt_tripping,neutral
conv_00678,direct_coercion,neutral
conv_09997,passive_aggressive,neutral
conv_01798,gaslighting,neutral
conv_06794,guilt_tripping,neutral
conv_02674,direct_coercion,neutral
conv_01198,love_bombing,neutral
conv_05242,guilt_tripping,neutral
conv_01145,neutral,neutral
conv_05207,love_bombing,neutral
conv_02356,passive_aggressive,neutral
conv_07338,love_bombing,neutral
conv_07478,gaslighting,neutral
conv_08308,love_bombing,neutral
conv_02783,charm_flattery,neutral
conv_09016,passive_aggressive,neutral
conv_01907,charm_flattery,neutral
conv_03326,gaslighting,neutral
conv_01349,gaslighting,neutral
conv_06655,neutral,neutral
conv_07356,passive_aggressive,neutral
conv_05116,charm_flattery,neutral
conv_07373,neutral,neutral
conv_00702,guilt_tripping,neutral
conv_07971,passive_aggressive,neutral
conv_06725,gaslighting,neutral
conv_02112,neutral,neutral
conv_09582,gaslighting,neutral
conv_08271,love_bombing,neutral
conv_05773,charm_flattery,neutral
conv_00664,love_bombing,neutral
conv_03048,guilt_tripping,neutral
conv_06060,guilt_tripping,neutral
conv_02555,passive_aggressive,neutral
conv_09554,neutral,neutral
conv_08104,charm_flattery,neutral
conv_07427,guilt_tripping,neutral
conv_00180,guilt_tripping,neutral
conv_09509,guilt_tripping,neutral
conv_01169,passive_aggressive,neutral
conv_03022,gaslighting,neutral
conv_00904,gaslighting,neutral
conv_04496,charm_flattery,neutral
conv_03046,gaslighting,neutral
conv_03214,charm_flattery,neutral
conv_00689,charm_flattery,neutral
conv_02867,neutral,neutral
conv_05224,guilt_tripping,neutral
conv_05315,direct_coercion,neutral
conv_05893,love_bombing,neutral
conv_08349,neutral,neutral
conv_03031,passive_aggressive,neutral
conv_01660,guilt_tripping,neutral
conv_04724,charm_flattery,neutral
conv_08753,charm_flattery,neutral
conv_02954,direct_coercion,neutral
conv_09863,gaslighting,neutral
conv_06018,direct_coercion,neutral
conv_07649,passive_aggressive,neutral
conv_02130,direct_coercion,neutral
conv_06632,gaslighting,neutral
conv_04154,neutral,neutral
conv_01939,gaslighting,neutral
conv_01065,neutral,neutral
conv_09693,passive_aggressive,neutral
conv_01598,guilt_tripping,neutral
conv_03451,neutral,neutral
conv_03885,neutral,neutral
conv_00391,passive_aggressive,neutral
conv_08935,direct_coercion,neutral
conv_04972,neutral,neutral
conv_00625,gaslighting,neutral
conv_00108,charm_flattery,neutral
conv_01556,direct_coercion,neutral
conv_08063,love_bombing,neutral
conv_02348,gaslighting,neutral
conv_05440,direct_coercion,neutral
conv_01994,charm_flattery,neutral
conv_02228,charm_flattery,neutral
conv_01448,love_bombing,neutral
conv_03653,neutral,neutral
conv_05787,guilt_tripping,neutral
conv_08240,neutral,neutral
conv_01851,charm_flattery,neutral
conv_00926,charm_flattery,neutral
conv_06067,charm_flattery,neutral
conv_08908,charm_flattery,neutral
conv_08573,neutral,neutral
conv_02978,guilt_tripping,neutral
conv_03618,direct_coercion,neutral
conv_02721,guilt_tripping,neutral
conv_00081,neutral,neutral
conv_02004,guilt_tripping,neutral
conv_08885,love_bombing,neutral
conv_09406,neutral,neutral
conv_08051,neutral,neutral
conv_09934,love_bombing,neutral
conv_07854,guilt_tripping,neutral
conv_03043,gaslighting,neutral
conv_03102,neutral,neutral
conv_04456,guilt_tripping,neutral
conv_09331,guilt_tripping,neutral
conv_05571,passive_aggressive,neutral
conv_00639,passive_aggressive,neutral
conv_06862,gaslighting,neutral
conv_01649,neutral,neutral
conv_03181,guilt_tripping,neutral
conv_09937,passive_aggressive,neutral
conv_08375,passive_aggressive,neutral
conv_09785,direct_coercion,neutral
conv_00567,gaslighting,neutral
conv_05937,passive_aggressive,neutral
conv_01836,gaslighting,neutral
conv_03004,gaslighting,neutral
conv_09203,guilt_tripping,neutral
conv_08352,gaslighting,neutral
conv_00327,love_bombing,neutral
conv_06467,direct_coercion,neutral
conv_09382,charm_flattery,neutral
conv_08560,charm_flattery,neutral
conv_03814,gaslighting,neutral
conv_06974,direct_coercion,neutral
conv_01141,guilt_tripping,neutral
conv_04572,charm_flattery,neutral
conv_09646,love_bombing,neutral
conv_05208,love_bombing,neutral
conv_00779,love_bombing,neutral
conv_00171,direct_coercion,neutral
conv_08071,guilt_tripping,neutral
conv_01148,direct_coercion,neutral
conv_09306,passive_aggressive,neutral
conv_04604,passive_aggressive,neutral
conv_01050,passive_aggressive,neutral
conv_05425,guilt_tripping,neutral
conv_00852,passive_aggressive,neutral
conv_05885,charm_flattery,neutral
conv_05248,gaslighting,neutral
conv_06793,direct_coercion,neutral
conv_00192,love_bombing,neutral
conv_03657,love_bombing,neutral
conv_04442,love_bombing,neutral
conv_05321,gaslighting,neutral
conv_00603,neutral,neutral
conv_02530,passive_aggressive,neutral
conv_01885,direct_coercion,neutral
conv_05637,guilt_tripping,neutral
conv_09992,neutral,neutral
conv_03296,neutral,neutral
conv_07813,love_bombing,neutral
conv_01411,guilt_tripping,neutral
conv_01227,gaslighting,neutral
conv_01757,neutral,neutral
conv_05873,passive_aggressive,neutral
conv_01303,charm_flattery,neutral
conv_09575,gaslighting,neutral
conv_02699,charm_flattery,neutral
conv_03699,love_bombing,neutral
conv_01264,passive_aggressive,neutral
conv_01970,passive_aggressive,neutral
conv_08953,passive_aggressive,neutral
conv_09340,gaslighting,neutral
conv_03090,passive_aggressive,neutral
conv_01283,neutral,neutral
conv_00768,guilt_tripping,neutral
conv_03913,neutral,neutral
conv_05411,charm_flattery,neutral
conv_02597,neutral,neutral
conv_01012,love_bombing,neutral
conv_05018,direct_coercion,neutral
conv_08243,love_bombing,neutral
conv_06864,charm_flattery,neutral
conv_04316,direct_coercion,neutral
conv_04218,love_bombing,neutral
conv_03247,guilt_tripping,neutral
conv_06530,direct_coercion,neutral
conv_01072,gaslighting,neutral
conv_08617,love_bombing,neutral
conv_00767,guilt_tripping,neutral
conv_02086,neutral,neutral
conv_00245,direct_coercion,neutral
conv_00804,charm_flattery,neutral
conv_05043,passive_aggressive,neutral
conv_03968,charm_flattery,neutral
conv_02943,neutral,neutral
conv_08504,charm_flattery,neutral
conv_04122,charm_flattery,neutral
conv_00937,direct_coercion,neutral
conv_01586,charm_flattery,neutral
conv_07174,guilt_tripping,neutral
conv_08428,guilt_tripping,neutral
conv_06925,neutral,neutral
conv_07877,love_bombing,neutral
conv_01450,gaslighting,neutral
conv_01602,neutral,neutral
conv_06394,love_bombing,neutral
conv_06955,direct_coercion,neutral
conv_05564,love_bombing,neutral
conv_00078,direct_coercion,neutral
conv_01083,passive_aggressive,neutral
conv_05994,passive_aggressive,neutral
conv_09455,guilt_tripping,neutral
conv_05406,direct_coercion,neutral
conv_05749,gaslighting,neutral
conv_07185,charm_flattery,neutral
conv_02437,neutral,neutral
conv_05832,passive_aggressive,neutral
conv_07624,gaslighting,neutral
conv_01526,gaslighting,neutral
conv_00124,guilt_tripping,neutral
conv_02372,love_bombing,neutral
conv_05004,passive_aggressive,neutral
conv_04115,direct_coercion,neutral
conv_09609,guilt_tripping,neutral
conv_09650,direct_coercion,neutral
conv_05957,direct_coercion,neutral
conv_07249,guilt_tripping,neutral
conv_00901,charm_flattery,neutral
conv_02628,gaslighting,neutral
conv_07444,guilt_tripping,neutral
conv_09944,gaslighting,neutral
conv_00370,passive_aggressive,neutral
conv_00167,guilt_tripping,neutral
conv_08871,charm_flattery,neutral
conv_05511,guilt_tripping,neutral
conv_05538,neutral,neutral
conv_03895,passive_aggressive,neutral
conv_08910,guilt_tripping,neutral
conv_09963,love_bombing,neutral
conv_00727,guilt_tripping,neutral
conv_06349,gaslighting,neutral
conv_01603,gaslighting,neutral
conv_03166,direct_coercion,neutral
conv_09207,passive_aggressive,neutral
conv_02297,love_bombing,neutral
conv_02418,guilt_tripping,neutral
conv_00486,love_bombing,neutral
conv_08321,neutral,neutral
conv_01933,neutral,neutral
conv_04836,direct_coercion,neutral
conv_03340,charm_flattery,neutral
conv_00011,passive_aggressive,neutral
conv_02123,love_bombing,neutral
conv_06934,passive_aggressive,neutral
conv_08210,neutral,neutral
conv_00659,love_bombing,neutral
conv_05117,passive_aggressive,neutral
conv_00847,direct_coercion,neutral
conv_05355,gaslighting,neutral
conv_06946,gaslighting,neutral
conv_05227,neutral,neutral
conv_06832,love_bombing,neutral
conv_00301,love_bombing,neutral
conv_00083,passive_aggressive,neutral
conv_05359,gaslighting,neutral
conv_09875,guilt_tripping,neutral
conv_00845,passive_aggressive,neutral
conv_07269,charm_flattery,neutral
conv_07509,neutral,neutral
conv_01499,direct_coercion,neutral
conv_07161,charm_flattery,neutral
conv_09925,love_bombing,neutral
conv_08611,guilt_tripping,neutral
conv_08168,love_bombing,neutral
conv_01770,neutral,neutral
conv_00073,love_bombing,neutral
conv_09686,gaslighting,neutral
conv_01813,love_bombing,neutral
conv_08580,direct_coercion,neutral
conv_03775,passive_aggressive,neutral
conv_02511,guilt_tripping,neutral
conv_03444,love_bombing,neutral
conv_03541,gaslighting,neutral
conv_06945,direct_coercion,neutral
conv_06942,charm_flattery,neutral
conv_05101,charm_flattery,neutral
conv_07609,gaslighting,neutral
conv_00871,neutral,neutral
conv_06071,direct_coercion,neutral
conv_07499,love_bombing,neutral
conv_02087,guilt_tripping,neutral
conv_02722,direct_coercion,neutral
conv_05610,charm_flattery,neutral
conv_04163,guilt_tripping,neutral
conv_06222,charm_flattery,neutral
conv_04089,neutral,neutral
conv_05991,love_bombing,neutral
conv_01254,direct_coercion,neutral
conv_08810,charm_flattery,neutral
conv_04250,neutral,neutral
conv_06646,love_bombing,neutral
conv_02873,love_bombing,neutral
conv_04997,gaslighting,neutral
conv_06311,gaslighting,neutral
conv_06181,passive_aggressive,neutral
conv_08985,love_bombing,neutral
conv_00123,neutral,neutral
conv_07853,passive_aggressive,neutral
conv_05277,love_bombing,neutral
conv_08660,neutral,neutral
conv_03355,passive_aggressive,neutral
conv_05665,direct_coercion,neutral
conv_09570,passive_aggressive,neutral
conv_09991,love_bombing,neutral
conv_06448,direct_coercion,neutral
conv_04993,gaslighting,neutral
conv_06120,charm_flattery,neutral
conv_05408,gaslighting,neutral
conv_02416,guilt_tripping,neutral
conv_06229,direct_coercion,neutral
conv_00566,passive_aggressive,neutral
conv_09667,neutral,neutral
conv_09014,charm_flattery,neutral
conv_08399,charm_flattery,neutral
conv_09132,love_bombing,neutral
conv_00645,gaslighting,neutral
conv_05851,passive_aggressive,neutral
conv_03807,love_bombing,neutral
conv_05928,love_bombing,neutral
conv_03332,gaslighting,neutral
conv_03285,neutral,neutral
conv_03449,charm_flattery,neutral
conv_05517,guilt_tripping,neutral
conv_08373,direct_coercion,neutral
conv_06670,passive_aggressive,neutral
conv_07069,passive_aggressive,neutral
conv_02916,gaslighting,neutral
conv_06528,passive_aggressive,neutral
conv_08787,love_bombing,neutral
conv_03615,neutral,neutral
conv_04374,direct_coercion,neutral
conv_02361,love_bombing,neutral
conv_02452,passive_aggressive,neutral
conv_02717,love_bombing,neutral
conv_08585,passive_aggressive,neutral
conv_05298,love_bombing,neutral
conv_00164,neutral,neutral
conv_03845,love_bombing,neutral
conv_07127,direct_coercion,neutral
conv_09056,neutral,neutral
conv_08213,neutral,neutral
conv_02289,charm_flattery,neutral
conv_04517,neutral,neutral
conv_09983,direct_coercion,neutral
conv_00647,passive_aggressive,neutral
conv_06013,direct_coercion,neutral
conv_08612,guilt_tripping,neutral
conv_04980,guilt_tripping,neutral
conv_06361,charm_flattery,neutral
conv_04193,gaslighting,neutral
conv_08176,passive_aggressive,neutral
conv_00637,love_bombing,neutral
conv_08412,neutral,neutral
conv_01435,passive_aggressive,neutral
conv_04047,passive_aggressive,neutral
conv_07953,charm_flattery,neutral
conv_06284,guilt_tripping,neutral
conv_08211,neutral,neutral
conv_02133,passive_aggressive,neutral
conv_04133,love_bombing,neutral
conv_07014,neutral,neutral
conv_01307,guilt_tripping,neutral
conv_04149,love_bombing,neutral
conv_06146,gaslighting,neutral
conv_03199,gaslighting,neutral
conv_03871,guilt_tripping,neutral
conv_01776,neutral,neutral
conv_06962,gaslighting,neutral
conv_09275,charm_flattery,neutral
conv_01256,guilt_tripping,neutral
conv_00237,charm_flattery,neutral
conv_06193,gaslighting,neutral
conv_06617,love_bombing,neutral
conv_06338,direct_coercion,neutral
conv_06261,direct_coercion,neutral
conv_02951,love_bombing,neutral
conv_01434,charm_flattery,neutral
conv_09284,passive_aggressive,neutral
conv_07682,neutral,neutral
conv_04134,charm_flattery,neutral
conv_03539,love_bombing,neutral
conv_07782,love_bombing,neutral
conv_07864,neutral,neutral
conv_04913,love_bombing,neutral
conv_09457,gaslighting,neutral
conv_02835,love_bombing,neutral
conv_06183,direct_coercion,neutral
conv_04605,love_bombing,neutral
conv_09905,direct_coercion,neutral
conv_06381,charm_flattery,neutral
conv_09433,charm_flattery,neutral
conv_03014,love_bombing,neutral
conv_09130,charm_flattery,neutral
conv_06450,passive_aggressive,neutral
conv_03381,neutral,neutral
conv_03514,neutral,neutral
conv_04126,neutral,neutral
conv_04674,guilt_tripping,neutral
conv_00109,passive_aggressive,neutral
conv_02956,guilt_tripping,neutral
conv_07972,gaslighting,neutral
conv_03599,guilt_tripping,neutral
conv_03257,passive_aggressive,neutral
conv_02791,neutral,neutral
conv_08864,gaslighting,neutral
conv_09916,gaslighting,neutral
conv_04249,love_bombing,neutral
conv_05047,neutral,neutral
conv_00886,guilt_tripping,neutral
conv_01161,guilt_tripping,neutral
conv_08517,passive_aggressive,neutral
conv_05217,gaslighting,neutral
conv_05436,gaslighting,neutral
conv_07980,direct_coercion,neutral
conv_06960,guilt_tripping,neutral
conv_09831,love_bombing,neutral
conv_06581,direct_coercion,neutral
conv_03213,guilt_tripping,neutral
conv_00542,love_bombing,neutral
conv_09946,guilt_tripping,neutral
conv_06567,charm_flattery,neutral
conv_00661,neutral,neutral
conv_06507,gaslighting,neutral
conv_08157,neutral,neutral
conv_08956,guilt_tripping,neutral
conv_02136,gaslighting,neutral
conv_01039,charm_flattery,neutral
conv_08459,neutral,neutral
conv_05089,passive_aggressive,neutral
conv_01223,guilt_tripping,neutral
conv_06374,direct_coercion,neutral
conv_06449,neutral,neutral
conv_06101,passive_aggressive,neutral
conv_04614,guilt_tripping,neutral
conv_00034,direct_coercion,neutral
conv_04378,charm_flattery,neutral
conv_05639,love_bombing,neutral
conv_04830,passive_aggressive,neutral
conv_05696,neutral,neutral
conv_05976,charm_flattery,neutral
conv_04911,charm_flattery,neutral
conv_02442,charm_flattery,neutral
conv_04701,gaslighting,neutral
conv_00806,love_bombing,neutral
conv_09689,direct_coercion,neutral
conv_00103,guilt_tripping,neutral
conv_07060,guilt_tripping,neutral
conv_05112,love_bombing,neutral
conv_02912,gaslighting,neutral
conv_06502,gaslighting,neutral
conv_01415,charm_flattery,neutral
conv_08707,passive_aggressive,neutral
conv_09117,neutral,neutral
conv_08927,guilt_tripping,neutral
conv_09319,direct_coercion,neutral
conv_05770,direct_coercion,neutral
conv_09709,charm_flattery,neutral
conv_03343,passive_aggressive,neutral
conv_02879,guilt_tripping,neutral
conv_05437,neutral,neutral
conv_07475,passive_aggressive,neutral
conv_09972,gaslighting,neutral
conv_07991,neutral,neutral
conv_01771,love_bombing,neutral
conv_07792,direct_coercion,neutral
conv_08062,direct_coercion,neutral
conv_02265,passive_aggressive,neutral
conv_08760,direct_coercion,neutral
conv_01797,charm_flattery,neutral
conv_05407,neutral,neutral
conv_06754,neutral,neutral
conv_02972,gaslighting,neutral
conv_07428,love_bombing,neutral
conv_00514,neutral,neutral
conv_08858,charm_flattery,neutral
conv_06426,gaslighting,neutral
conv_08484,neutral,neutral
conv_02041,gaslighting,neutral
conv_01501,passive_aggressive,neutral
conv_00309,gaslighting,neutral
conv_04843,passive_aggressive,neutral
conv_03999,charm_flattery,neutral
conv_07610,guilt_tripping,neutral
conv_02547,gaslighting,neutral
conv_06154,passive_aggressive,neutral
conv_09826,neutral,neutral
conv_01662,charm_flattery,neutral
conv_01135,charm_flattery,neutral
conv_05472,passive_aggressive,neutral
conv_05627,gaslighting,neutral
conv_02178,passive_aggressive,neutral
conv_02733,charm_flattery,neutral
conv_02707,love_bombing,neutral
conv_08114,passive_aggressive,neutral
conv_01696,passive_aggressive,neutral
conv_08556,charm_flattery,neutral
conv_04983,direct_coercion,neutral
conv_07389,love_bombing,neutral
conv_04341,guilt_tripping,neutral
conv_06773,charm_flattery,neutral
conv_02824,charm_flattery,neutral
conv_04339,guilt_tripping,neutral
conv_03431,neutral,neutral
conv_06970,passive_aggressive,neutral
conv_02730,gaslighting,neutral
conv_08048,passive_aggressive,neutral
conv_02913,neutral,neutral
conv_01575,neutral,neutral
conv_04877,passive_aggressive,neutral
conv_07468,guilt_tripping,neutral
conv_05088,love_bombing,neutral
conv_03388,passive_aggressive,neutral
conv_06470,guilt_tripping,neutral
conv_00918,direct_coercion,neutral
conv_02800,love_bombing,neutral
conv_00556,neutral,neutral
conv_04548,charm_flattery,neutral
conv_06337,gaslighting,neutral
conv_02703,passive_aggressive,neutral
conv_00062,love_bombing,neutral
conv_06190,charm_flattery,neutral
conv_08769,charm_flattery,neutral
conv_07842,love_bombing,neutral
conv_00516,passive_aggressive,neutral
conv_03547,gaslighting,neutral
conv_09503,gaslighting,neutral
conv_09670,direct_coercion,neutral
conv_02140,guilt_tripping,neutral
conv_00708,guilt_tripping,neutral
conv_09879,charm_flattery,neutral
conv_02165,passive_aggressive,neutral
conv_00467,direct_coercion,neutral
conv_00106,charm_flattery,neutral
conv_09654,guilt_tripping,neutral
conv_09078,direct_coercion,neutral
conv_00584,neutral,neutral
conv_06664,guilt_tripping,neutral
conv_03898,direct_coercion,neutral
conv_07042,passive_aggressive,neutral
conv_04778,neutral,neutral
conv_09795,guilt_tripping,neutral
conv_08776,guilt_tripping,neutral
conv_06668,guilt_tripping,neutral
conv_09045,charm_flattery,neutral
conv_00893,neutral,neutral
conv_04597,neutral,neutral
conv_04468,love_bombing,neutral
conv_06480,guilt_tripping,neutral
conv_05186,passive_aggressive,neutral
conv_00323,passive_aggressive,neutral
conv_08310,direct_coercion,neutral
conv_01343,direct_coercion,neutral
conv_00914,neutral,neutral
conv_03617,love_bombing,neutral
conv_05638,guilt_tripping,neutral
conv_04633,neutral,neutral
conv_02198,direct_coercion,neutral
conv_04265,passive_aggressive,neutral
conv_01188,gaslighting,neutral
conv_04869,gaslighting,neutral
conv_02836,neutral,neutral
conv_05180,direct_coercion,neutral
conv_02855,neutral,neutral
conv_00994,charm_flattery,neutral
conv_06062,neutral,neutral
conv_06840,direct_coercion,neutral
conv_00400,passive_aggressive,neutral
conv_09830,direct_coercion,neutral
conv_02440,guilt_tripping,neutral
conv_04270,charm_flattery,neutral
conv_07038,direct_coercion,neutral
conv_01394,passive_aggressive,neutral
conv_06667,charm_flattery,neutral
conv_05136,guilt_tripping,neutral
conv_04347,guilt_tripping,neutral
conv_03002,neutral,neutral
conv_04713,neutral,neutral
conv_00690,love_bombing,neutral
conv_00179,direct_coercion,neutral
conv_00760,direct_coercion,neutral
conv_09602,charm_flattery,neutral
conv_07473,charm_flattery,neutral
conv_05173,guilt_tripping,neutral
conv_03740,charm_flattery,neutral
conv_05592,love_bombing,neutral
conv_09342,direct_coercion,neutral
conv_07806,gaslighting,neutral
conv_07950,direct_coercion,neutral
conv_02325,neutral,neutral
conv_02893,neutral,neutral
conv_08005,charm_flattery,neutral
conv_07031,direct_coercion,neutral
conv_06452,direct_coercion,neutral
conv_04891,guilt_tripping,neutral
conv_00658,love_bombing,neutral
conv_03226,charm_flattery,neutral
conv_05069,passive_aggressive,neutral
conv_08803,neutral,neutral
conv_04673,gaslighting,neutral
conv_08887,charm_flattery,neutral
conv_03924,passive_aggressive,neutral
conv_00989,gaslighting,neutral
conv_04634,passive_aggressive,neutral
conv_06255,guilt_tripping,neutral
conv_02278,charm_flattery,neutral
conv_04994,charm_flattery,neutral
conv_05182,neutral,neutral
conv_01099,charm_flattery,neutral
conv_05727,gaslighting,neutral
conv_02881,love_bombing,neutral
conv_04849,direct_coercion,neutral
conv_01167,direct_coercion,neutral
conv_01422,love_bombing,neutral
conv_09006,neutral,neutral
conv_03660,charm_flattery,neutral
conv_00419,love_bombing,neutral
conv_08652,neutral,neutral
conv_03621,charm_flattery,neutral
conv_01561,direct_coercion,neutral
conv_08049,guilt_tripping,neutral
conv_04078,neutral,neutral
conv_07093,guilt_tripping,neutral
conv_01852,direct_coercion,neutral
conv_09492,guilt_tripping,neutral
conv_07875,gaslighting,neutral
conv_07933,love_bombing,neutral
conv_04683,passive_aggressive,neutral
conv_03991,love_bombing,neutral
conv_03070,neutral,neutral
conv_04552,neutral,neutral
conv_00022,passive_aggressive,neutral
conv_04959,guilt_tripping,neutral
conv_07217,passive_aggressive,neutral
conv_04996,direct_coercion,neutral
conv_07441,love_bombing,neutral
conv_03730,neutral,neutral
conv_06603,charm_flattery,neutral
conv_00422,guilt_tripping,neutral
conv_04125,charm_flattery,neutral
conv_05611,direct_coercion,neutral
conv_05403,direct_coercion,neutral
conv_03111,charm_flattery,neutral
conv_06210,passive_aggressive,neutral
conv_04500,passive_aggressive,neutral
conv_02858,guilt_tripping,neutral
conv_05772,passive_aggressive,neutral
conv_07746,love_bombing,neutral
conv_06721,neutral,neutral
conv_02658,guilt_tripping,neutral
conv_07250,neutral,neutral
conv_09224,gaslighting,neutral
conv_06220,charm_flattery,neutral
conv_02192,love_bombing,neutral
conv_07815,charm_flattery,neutral
conv_09808,neutral,neutral
conv_08472,direct_coercion,neutral
conv_07912,direct_coercion,neutral
conv_09309,guilt_tripping,neutral
conv_01319,charm_flattery,neutral
conv_09789,neutral,neutral
conv_03672,gaslighting,neutral
conv_01380,passive_aggressive,neutral
conv_05345,direct_coercion,neutral
conv_08993,charm_flattery,neutral
conv_00583,guilt_tripping,neutral
conv_08485,guilt_tripping,neutral
conv_04932,passive_aggressive,neutral
conv_04003,guilt_tripping,neutral
conv_08515,neutral,neutral
conv_04476,guilt_tripping,neutral
conv_05229,charm_flattery,neutral
conv_09052,neutral,neutral
conv_02725,love_bombing,neutral
conv_07795,passive_aggressive,neutral
conv_00993,neutral,neutral
conv_01103,passive_aggressive,neutral
conv_05342,neutral,neutral
conv_08079,neutral,neutral
conv_00897,guilt_tripping,neutral
conv_01445,love_bombing,neutral
conv_09640,love_bombing,neutral
conv_09811,passive_aggressive,neutral
conv_01668,passive_aggressive,neutral
conv_07956,neutral,neutral
conv_05172,love_bombing,neutral
conv_07670,direct_coercion,neutral
conv_05764,love_bombing,neutral
conv_03750,direct_coercion,neutral
conv_01619,love_bombing,neutral
conv_05892,charm_flattery,neutral
conv_00247,neutral,neutral
conv_06287,neutral,neutral
conv_09799,gaslighting,neutral
conv_00178,neutral,neutral
conv_05404,passive_aggressive,neutral
conv_01251,gaslighting,neutral
conv_05843,passive_aggressive,neutral
conv_06474,neutral,neutral
conv_00243,guilt_tripping,neutral
conv_04384,guilt_tripping,neutral
conv_08959,charm_flattery,neutral
conv_03119,passive_aggressive,neutral
conv_07941,love_bombing,neutral
conv_01472,love_bombing,neutral
conv_05109,guilt_tripping,neutral
conv_02666,love_bombing,neutral
conv_06995,neutral,neutral
conv_03283,guilt_tripping,neutral
conv_06982,love_bombing,neutral
conv_02059,charm_flattery,neutral
conv_06323,gaslighting,neutral
conv_08791,gaslighting,neutral
conv_07366,guilt_tripping,neutral
conv_01863,guilt_tripping,neutral
conv_03487,passive_aggressive,neutral
conv_04164,passive_aggressive,neutral
conv_06887,charm_flattery,neutral
conv_08075,neutral,neutral
conv_09765,direct_coercion,neutral
conv_00548,charm_flattery,neutral
conv_02350,direct_coercion,neutral
conv_01784,gaslighting,neutral
conv_00521,love_bombing,neutral
conv_00814,direct_coercion,neutral
conv_07849,guilt_tripping,neutral
conv_04010,love_bombing,neutral
conv_08286,direct_coercion,neutral
conv_03744,gaslighting,neutral
conv_05128,neutral,neutral
conv_07747,direct_coercion,neutral
conv_08116,guilt_tripping,neutral
conv_06652,love_bombing,neutral
conv_06192,neutral,neutral
conv_02244,direct_coercion,neutral
conv_07557,guilt_tripping,neutral
conv_08654,direct_coercion,neutral
conv_07908,direct_coercion,neutral
conv_09173,neutral,neutral
conv_00313,charm_flattery,neutral
conv_03227,charm_flattery,neutral
conv_08279,passive_aggressive,neutral
conv_03749,neutral,neutral
conv_04990,charm_flattery,neutral
conv_03734,love_bombing,neutral
conv_04682,neutral,neutral
conv_07887,love_bombing,neutral
conv_05744,passive_aggressive,neutral
conv_04168,passive_aggressive,neutral
conv_00092,guilt_tripping,neutral
conv_07554,love_bombing,neutral
conv_01331,guilt_tripping,neutral
conv_04915,gaslighting,neutral
conv_03979,direct_coercion,neutral
conv_04375,gaslighting,neutral
conv_00676,passive_aggressive,neutral
conv_06879,love_bombing,neutral
conv_03035,gaslighting,neutral
conv_03389,passive_aggressive,neutral
conv_00902,guilt_tripping,neutral
conv_01569,gaslighting,neutral
conv_05609,guilt_tripping,neutral
conv_07977,charm_flattery,neutral
conv_07527,love_bombing,neutral
conv_03173,charm_flattery,neutral
conv_07724,guilt_tripping,neutral
conv_05476,guilt_tripping,neutral
conv_08673,passive_aggressive,neutral
conv_09580,charm_flattery,neutral
conv_01736,neutral,neutral
conv_01046,charm_flattery,neutral
conv_05769,passive_aggressive,neutral
conv_00693,gaslighting,neutral
conv_06073,love_bombing,neutral
conv_01643,charm_flattery,neutral
conv_01280,direct_coercion,neutral
conv_05388,guilt_tripping,neutral
conv_06933,passive_aggressive,neutral
conv_07540,neutral,neutral
conv_04779,neutral,neutral
conv_09531,passive_aggressive,neutral
conv_05625,charm_flattery,neutral
conv_09085,love_bombing,neutral
conv_09954,neutral,neutral
conv_04331,passive_aggressive,neutral
conv_00132,charm_flattery,neutral
conv_03858,neutral,neutral
conv_08689,guilt_tripping,neutral
conv_04320,guilt_tripping,neutral
conv_02497,passive_aggressive,neutral
conv_09985,guilt_tripping,neutral
conv_01447,direct_coercion,neutral
conv_01632,guilt_tripping,neutral
conv_06055,direct_coercion,neutral
conv_05828,charm_flattery,neutral
conv_01276,neutral,neutral
conv_06248,gaslighting,neutral
conv_06008,guilt_tripping,neutral
conv_02975,gaslighting,neutral
conv_09401,direct_coercion,neutral
conv_04854,neutral,neutral
conv_02540,neutral,neutral
conv_06156,guilt_tripping,neutral
conv_08898,charm_flattery,neutral
conv_00191,direct_coercion,neutral
conv_02548,gaslighting,neutral
conv_02419,direct_coercion,neutral
conv_01946,passive_aggressive,neutral
conv_09644,passive_aggressive,neutral
conv_08954,neutral,neutral
conv_06900,passive_aggressive,neutral
conv_03818,guilt_tripping,neutral
conv_03737,neutral,neutral
conv_03268,love_bombing,neutral
conv_03284,charm_flattery,neutral
conv_03955,charm_flattery,neutral
conv_00736,guilt_tripping,neutral
conv_03260,direct_coercion,neutral
conv_09436,gaslighting,neutral
conv_03840,guilt_tripping,neutral
conv_05926,direct_coercion,neutral
conv_00745,passive_aggressive,neutral
conv_09872,love_bombing,neutral
conv_06747,direct_coercion,neutral
conv_01634,gaslighting,neutral
conv_02759,neutral,neutral
conv_00287,love_bombing,neutral
conv_08167,direct_coercion,neutral
conv_03769,gaslighting,neutral
conv_01051,charm_flattery,neutral
conv_08405,direct_coercion,neutral
conv_06904,guilt_tripping,neutral
conv_07494,love_bombing,neutral
conv_04591,direct_coercion,neutral
conv_00259,neutral,neutral
conv_00949,passive_aggressive,neutral
conv_09890,direct_coercion,neutral
conv_08498,guilt_tripping,neutral
conv_07021,gaslighting,neutral
conv_01116,love_bombing,neutral
conv_00477,gaslighting,neutral
conv_07233,neutral,neutral
conv_02483,neutral,neutral
conv_09984,guilt_tripping,neutral
conv_02519,neutral,neutral
conv_06736,neutral,neutral
conv_06767,neutral,neutral
conv_06529,guilt_tripping,neutral
conv_06032,charm_flattery,neutral
conv_04238,direct_coercion,neutral
conv_01128,gaslighting,neutral
conv_00414,direct_coercion,neutral
conv_02567,passive_aggressive,neutral
conv_01383,neutral,neutral
conv_03218,love_bombing,neutral
conv_06044,direct_coercion,neutral
conv_00151,passive_aggressive,neutral
conv_05327,charm_flattery,neutral
conv_03927,love_bombing,neutral
conv_05168,direct_coercion,neutral
conv_09500,gaslighting,neutral
conv_09269,love_bombing,neutral
conv_00974,guilt_tripping,neutral
conv_08933,neutral,neutral
conv_09168,direct_coercion,neutral
conv_04544,charm_flattery,neutral
conv_07645,guilt_tripping,neutral
conv_00107,direct_coercion,neutral
conv_07882,neutral,neutral
conv_09818,direct_coercion,neutral
conv_01592,neutral,neutral
conv_07111,neutral,neutral
conv_06752,gaslighting,neutral
conv_06702,love_bombing,neutral
conv_00899,passive_aggressive,neutral
conv_01973,neutral,neutral
conv_03546,direct_coercion,neutral
conv_04155,direct_coercion,neutral
conv_01183,direct_coercion,neutral
conv_04790,love_bombing,neutral
conv_04228,love_bombing,neutral
conv_02626,guilt_tripping,neutral
conv_05710,charm_flattery,neutral
conv_08503,charm_flattery,neutral
conv_08748,neutral,neutral
conv_01080,guilt_tripping,neutral
conv_09965,passive_aggressive,neutral
conv_04435,passive_aggressive,neutral
conv_03671,love_bombing,neutral
conv_08822,passive_aggressive,neutral
conv_09731,guilt_tripping,neutral
conv_03029,neutral,neutral
conv_01119,passive_aggressive,neutral
conv_05273,love_bombing,neutral
conv_04252,guilt_tripping,neutral
conv_08571,neutral,neutral
conv_06310,guilt_tripping,neutral
conv_01875,guilt_tripping,neutral
conv_07422,direct_coercion,neutral
conv_02054,passive_aggressive,neutral
conv_03177,gaslighting,neutral
conv_01544,charm_flattery,neutral
conv_07880,passive_aggressive,neutral
conv_06296,direct_coercion,neutral
conv_00957,neutral,neutral
conv_01952,passive_aggressive,neutral
conv_03455,gaslighting,neutral
conv_00668,direct_coercion,neutral
conv_03290,neutral,neutral
conv_08307,charm_flattery,neutral
conv_01534,neutral,neutral
conv_04110,love_bombing,neutral
conv_08655,gaslighting,neutral
conv_00077,direct_coercion,neutral
conv_09029,love_bombing,neutral
conv_02327,direct_coercion,neutral
conv_07405,love_bombing,neutral
conv_08586,charm_flattery,neutral
conv_01566,charm_flattery,neutral
conv_00873,gaslighting,neutral
conv_09321,love_bombing,neutral
conv_09123,love_bombing,neutral
conv_01595,passive_aggressive,neutral
conv_09957,passive_aggressive,neutral
conv_04462,charm_flattery,neutral
conv_03061,guilt_tripping,neutral
conv_05520,charm_flattery,neutral
conv_04007,guilt_tripping,neutral
conv_06812,direct_coercion,neutral
conv_01225,direct_coercion,neutral
conv_02389,charm_flattery,neutral
conv_00887,passive_aggressive,neutral
conv_06444,charm_flattery,neutral
conv_04478,love_bombing,neutral
conv_06133,direct_coercion,neutral
conv_00225,direct_coercion,neutral
conv_06382,neutral,neutral
conv_05819,gaslighting,neutral
conv_05011,neutral,neutral
conv_01887,passive_aggressive,neutral
conv_06935,direct_coercion,neutral
conv_05031,gaslighting,neutral
conv_04222,passive_aggressive,neutral
conv_09167,love_bombing,neutral
conv_04483,love_bombing,neutral
conv_00250,direct_coercion,neutral
conv_06977,direct_coercion,neutral
conv_06334,guilt_tripping,neutral
conv_02832,charm_flattery,neutral
conv_02799,direct_coercion,neutral
conv_00673,love_bombing,neutral
conv_01513,passive_aggressive,neutral
conv_08555,passive_aggressive,neutral
conv_08726,neutral,neutral
conv_07685,love_bombing,neutral
conv_09598,love_bombing,neutral
conv_09955,direct_coercion,neutral
conv_05581,guilt_tripping,neutral
conv_05577,passive_aggressive,neutral
conv_04151,gaslighting,neutral
conv_02190,love_bombing,neutral
conv_06869,direct_coercion,neutral
conv_06461,charm_flattery,neutral
conv_02749,love_bombing,neutral
conv_00463,love_bombing,neutral
conv_01438,neutral,neutral
conv_05676,guilt_tripping,neutral
conv_00305,passive_aggressive,neutral
conv_04167,neutral,neutral
conv_01826,neutral,neutral
conv_02500,neutral,neutral
conv_00815,direct_coercion,neutral
conv_02942,passive_aggressive,neutral
conv_05813,passive_aggressive,neutral
conv_08912,gaslighting,neutral
conv_05784,charm_flattery,neutral
conv_09385,gaslighting,neutral
conv_07871,love_bombing,neutral
conv_03658,love_bombing,neutral
conv_03374,gaslighting,neutral
conv_09088,neutral,neutral
conv_09674,guilt_tripping,neutral
conv_06914,love_bombing,neutral
conv_03266,gaslighting,neutral
conv_03619,passive_aggressive,neutral
conv_07665,passive_aggressive,neutral
conv_06619,direct_coercion,neutral
conv_01589,passive_aggressive,neutral
conv_08626,passive_aggressive,neutral
conv_02993,gaslighting,neutral
conv_09572,guilt_tripping,neutral
conv_02882,love_bombing,neutral
conv_06828,neutral,neutral
conv_07741,guilt_tripping,neutral
conv_03396,love_bombing,neutral
conv_09159,direct_coercion,neutral
conv_05303,charm_flattery,neutral
conv_07771,charm_flattery,neutral
conv_03714,passive_aggressive,neutral
conv_06656,gaslighting,neutral
conv_07993,love_bombing,neutral
conv_00144,neutral,neutral
conv_06739,passive_aggressive,neutral
conv_00554,direct_coercion,neutral
conv_07765,love_bombing,neutral
conv_09329,passive_aggressive,neutral
conv_00912,gaslighting,neutral
conv_07137,neutral,neutral
conv_07909,neutral,neutral
conv_08778,love_bombing,neutral
conv_06523,love_bombing,neutral
conv_06708,guilt_tripping,neutral
conv_00329,guilt_tripping,neutral
conv_07059,direct_coercion,neutral
conv_04595,passive_aggressive,neutral
conv_00445,direct_coercion,neutral
conv_00594,direct_coercion,neutral
conv_00623,passive_aggressive,neutral
conv_06375,guilt_tripping,neutral
conv_08334,neutral,neutral
conv_04021,charm_flattery,neutral
conv_08389,neutral,neutral
conv_06469,direct_coercion,neutral
conv_04082,neutral,neutral
conv_06661,charm_flattery,neutral
conv_04306,passive_aggressive,neutral
conv_01217,guilt_tripping,neutral
conv_09555,gaslighting,neutral
conv_03504,charm_flattery,neutral
conv_03447,passive_aggressive,neutral
conv_04545,love_bombing,neutral
conv_07881,gaslighting,neutral
conv_05259,gaslighting,neutral
conv_06075,direct_coercion,neutral
conv_02270,neutral,neutral
conv_03251,charm_flattery,neutral
conv_01950,direct_coercion,neutral
conv_07900,direct_coercion,neutral
conv_00154,gaslighting,neutral
conv_04389,direct_coercion,neutral
conv_05601,love_bombing,neutral
conv_01288,charm_flattery,neutral
conv_03902,charm_flattery,neutral
conv_09188,guilt_tripping,neutral
conv_04302,passive_aggressive,neutral
conv_02541,gaslighting,neutral
conv_05030,neutral,neutral
conv_04127,passive_aggressive,neutral
conv_08025,neutral,neutral
conv_06112,direct_coercion,neutral
conv_04735,passive_aggressive,neutral
conv_03209,passive_aggressive,neutral
conv_05323,guilt_tripping,neutral
conv_00397,direct_coercion,neutral
conv_04225,neutral,neutral
conv_09576,passive_aggressive,neutral
conv_07676,direct_coercion,neutral
conv_03947,passive_aggressive,neutral
conv_03360,guilt_tripping,neutral
conv_03476,guilt_tripping,neutral
conv_05369,love_bombing,neutral
conv_06592,guilt_tripping,neutral
conv_01764,gaslighting,neutral
conv_08465,charm_flattery,neutral
conv_08451,love_bombing,neutral
conv_09384,neutral,neutral
conv_02061,passive_aggressive,neutral
conv_05867,gaslighting,neutral
conv_05521,neutral,neutral
conv_04308,neutral,neutral
conv_02969,passive_aggressive,neutral
conv_08328,charm_flattery,neutral
conv_02447,gaslighting,neutral
conv_02595,neutral,neutral
conv_02185,neutral,neutral
conv_05950,neutral,neutral
conv_08801,direct_coercion,neutral
conv_02983,love_bombing,neutral
conv_01971,gaslighting,neutral
conv_05465,guilt_tripping,neutral
conv_02937,neutral,neutral
conv_09583,passive_aggressive,neutral
conv_03165,charm_flattery,neutral
conv_00129,charm_flattery,neutral
conv_05328,charm_flattery,neutral
conv_03470,love_bombing,neutral
conv_01313,gaslighting,neutral
conv_02613,charm_flattery,neutral
conv_09352,love_bombing,neutral
conv_08581,charm_flattery,neutral
conv_04033,neutral,neutral
conv_09550,direct_coercion,neutral
conv_09751,love_bombing,neutral
conv_04242,direct_coercion,neutral
conv_05184,gaslighting,neutral
conv_07063,love_bombing,neutral
conv_08764,neutral,neutral
conv_09662,love_bombing,neutral
conv_04839,charm_flattery,neutral
conv_09209,passive_aggressive,neutral
conv_07735,charm_flattery,neutral
conv_03793,passive_aggressive,neutral
conv_01584,neutral,neutral
conv_04948,gaslighting,neutral
conv_02503,gaslighting,neutral
conv_01816,neutral,neutral
conv_01270,neutral,neutral
conv_09383,gaslighting,neutral
conv_07112,guilt_tripping,neutral
conv_04580,charm_flattery,neutral
conv_01759,neutral,neutral
conv_04356,gaslighting,neutral
conv_09642,gaslighting,neutral
conv_04237,charm_flattery,neutral
conv_09659,love_bombing,neutral
conv_01229,direct_coercion,neutral
conv_01879,charm_flattery,neutral
conv_00739,gaslighting,neutral
conv_04280,love_bombing,neutral
conv_05175,passive_aggressive,neutral
conv_09719,direct_coercion,neutral
conv_01400,guilt_tripping,neutral
conv_03677,gaslighting,neutral
conv_01958,charm_flattery,neutral
conv_08367,gaslighting,neutral
conv_07862,neutral,neutral
conv_01554,gaslighting,neutral
conv_07968,neutral,neutral
conv_02101,passive_aggressive,neutral
conv_06299,neutral,neutral
conv_07083,charm_flattery,neutral
conv_08684,love_bombing,neutral
conv_09725,gaslighting,neutral
conv_09349,neutral,neutral
conv_09410,love_bombing,neutral
conv_00387,guilt_tripping,neutral
conv_06372,passive_aggressive,neutral
conv_02774,passive_aggressive,neutral
conv_08820,guilt_tripping,neutral
conv_07385,neutral,neutral
conv_09923,charm_flattery,neutral
conv_03143,guilt_tripping,neutral
conv_09302,gaslighting,neutral
conv_07231,guilt_tripping,neutral
conv_07662,love_bombing,neutral
conv_03976,neutral,neutral
conv_09853,charm_flattery,neutral
conv_08895,guilt_tripping,neutral
conv_02176,neutral,neutral
conv_06411,charm_flattery,neutral
conv_01315,neutral,neutral
conv_09832,love_bombing,neutral
conv_00704,direct_coercion,neutral
conv_06707,passive_aggressive,neutral
conv_02134,guilt_tripping,neutral
conv_04880,guilt_tripping,neutral
conv_09589,guilt_tripping,neutral
conv_00607,passive_aggressive,neutral
conv_06446,love_bombing,neutral
conv_05158,neutral,neutral
conv_03413,neutral,neutral
conv_01802,love_bombing,neutral
conv_00216,direct_coercion,neutral
conv_06473,guilt_tripping,neutral
conv_01104,direct_coercion,neutral
conv_01090,guilt_tripping,neutral
conv_00388,love_bombing,neutral
conv_03054,guilt_tripping,neutral
conv_06433,love_bombing,neutral
conv_08343,passive_aggressive,neutral
conv_08811,direct_coercion,neutral
conv_08543,love_bombing,neutral
conv_02552,direct_coercion,neutral
conv_01066,gaslighting,neutral
